Number,Date,Account,Amount,Subcategory,Memo
1,03/09/2026,20-00-00 12345678,25.00,FT,INF-PEAK-SMITH-5020
2,03/09/2026,20-00-00 12345678,20.00,FT,JO BROWN STANDING ORDER
3,04/09/2026,20-00-00 12345678,20.00,FT,P TAYLOR
4,05/09/2026,20-00-00 12345678,20.00,FT,S SMITH
5,05/09/2026,20-00-00 12345678,25.00,FT,INF-STU-OCONNOR-1234
6,06/09/2026,20-00-00 12345678,25.00,FT,NICHOLSEN R
7,08/09/2026,20-00-00 12345678,22.50,FT,PRIYA PATEL
8,08/09/2026,20-00-00 12345678,150.00,BGC,EQUIPMENT REFUND NORTHERN GYM SUPPLIES
9,09/09/2026,20-00-00 12345678,-45.20,DEB,ELECTRIC BILL NPOWER
10,03/08/2026,20-00-00 12345678,25.00,FT,INF-PEAK-SMITH-5020
